question,time,type,datetime
620 ÷ 62,1.38,division,2025-01-12 15:00:00
7 × 44,6.27,multiplication,2025-01-12 15:01:00
43 + 24,3.95,addition,2025-01-12 15:02:00
78 + 48,4.51,addition,2025-01-12 15:03:00
60 + 67,1.47,addition,2025-01-12 15:04:00
5 + 39,2.06,addition,2025-01-12 15:05:00
7 + 20,1.24,addition,2025-01-12 15:06:00
44 + 55,1.39,addition,2025-01-12 15:07:00
93 - 82,1.71,subtraction,2025-01-12 15:08:00
637 ÷ 91,4.3,division,2025-01-12 15:09:00
91 - 7,2.68,subtraction,2025-01-12 15:10:00
80 ÷ 20,1.13,division,2025-01-12 15:11:00
40 - 3,3.96,subtraction,2025-01-12 15:12:00
12 × 5,1.05,multiplication,2025-01-12 15:13:00
5 × 34,3.29,multiplication,2025-01-12 15:14:00
55 - 40,1.29,subtraction,2025-01-12 15:15:00
8 × 13,3.06,multiplication,2025-01-12 15:16:00
6 × 89,5.28,multiplication,2025-01-12 15:17:00
100 + 11,2.15,addition,2025-01-12 15:18:00
93 - 36,4.1,subtraction,2025-01-12 15:19:00
984 ÷ 82,5.92,division,2025-01-12 15:20:00
60 + 68,1.83,addition,2025-01-12 15:21:00
98 - 47,3.25,subtraction,2025-01-12 15:22:00
6 × 7,1.42,multiplication,2025-01-12 15:23:00
10 × 69,1.44,multiplication,2025-01-12 15:24:00
51 - 35,1.69,subtraction,2025-01-12 15:25:00
22 - 18,2.22,subtraction,2025-01-12 15:26:00
66 - 39,6.1,subtraction,2025-01-12 15:27:00
31 + 23,4.46,addition,2025-01-12 15:28:00
440 ÷ 40,2.42,division,2025-01-12 15:29:00
71 + 85,4.6,addition,2025-01-12 15:30:00
273 ÷ 39,2.68,division,2025-01-12 15:31:00
16 + 36,1.58,addition,2025-01-12 15:32:00
53 - 15,4.14,subtraction,2025-01-12 15:33:00
97 + 26,2.52,addition,2025-01-12 15:34:00
99 - 62,6.67,subtraction,2025-01-12 15:35:00
97 - 73,2.52,subtraction,2025-01-12 15:36:00
304 ÷ 38,2.37,division,2025-01-12 15:37:00
7 × 3,1.04,multiplication,2025-01-12 15:38:00
6 + 24,1.23,addition,2025-01-12 15:39:00
7 × 83,5.1,multiplication,2025-01-12 15:40:00
62 - 29,2.13,subtraction,2025-01-12 15:41:00
86 - 62,1.77,subtraction,2025-01-12 15:42:00
45 - 13,2.38,subtraction,2025-01-12 15:43:00
71 + 43,2.71,addition,2025-01-12 15:44:00
297 ÷ 99,2.0,division,2025-01-12 15:45:00
630 ÷ 70,1.49,division,2025-01-12 15:46:00
280 ÷ 35,6.78,division,2025-01-12 15:47:00
44 ÷ 4,1.11,division,2025-01-12 15:48:00
2 × 20,1.15,multiplication,2025-01-12 15:49:00
4 × 20,1.12,multiplication,2025-01-12 15:50:00
50 + 77,1.39,addition,2025-01-12 15:51:00
48 - 34,1.28,subtraction,2025-01-12 15:52:00
95 - 63,2.19,subtraction,2025-01-12 15:53:00
475 ÷ 95,1.73,division,2025-01-12 15:54:00
76 + 77,2.7,addition,2025-01-12 15:55:00
11 × 42,2.33,multiplication,2025-01-12 15:56:00
410 ÷ 41,1.52,division,2025-01-12 15:57:00
53 + 20,1.47,addition,2025-01-12 15:58:00
6 × 18,5.62,multiplication,2025-01-12 15:59:00
56 ÷ 28,1.11,division,2025-01-12 16:00:00
20 + 22,1.1,addition,2025-01-12 16:01:00  
6 × 33,3.25,multiplication,2025-01-12 16:02:00  
17 + 85,4.49,addition,2025-01-12 16:03:00  
18 - 8,0.83,subtraction,2025-01-12 16:04:00  
24 + 97,2.76,addition,2025-01-12 16:05:00  
99 - 14,2.78,subtraction,2025-01-12 16:06:00  
62 + 78,2.88,addition,2025-01-12 16:07:00  
98 - 34,2.63,subtraction,2025-01-12 16:08:00  
39 + 43,2.68,addition,2025-01-12 16:09:00  
71 - 65,1.73,subtraction,2025-01-12 16:10:00  
10 × 17,1.09,multiplication,2025-01-12 16:11:00  
82 + 30,1.68,addition,2025-01-12 16:12:00  
6 + 46,1.19,addition,2025-01-12 16:13:00  
42 + 68,2.58,addition,2025-01-12 16:14:00  
90 - 26,4.07,subtraction,2025-01-12 16:15:00  
4 × 16,2.08,multiplication,2025-01-12 16:16:00  
80 - 25,2.54,subtraction,2025-01-12 16:17:00  
41 - 8,1.49,subtraction,2025-01-12 16:18:00  
616 ÷ 77,2.29,division,2025-01-12 16:19:00  
450 ÷ 45,1.42,division,2025-01-12 16:20:00  
12 + 76,2.92,addition,2025-01-12 16:21:00  
13 + 83,2.51,addition,2025-01-12 16:22:00  
2 × 83,1.96,multiplication,2025-01-12 16:23:00  
6 × 19,7.06,multiplication,2025-01-12 16:24:00  
72 + 2,1.22,addition,2025-01-12 16:25:00  
750 ÷ 75,1.24,division,2025-01-12 16:26:00  
87 - 34,2.96,subtraction,2025-01-12 16:27:00  
87 - 72,3.49,subtraction,2025-01-12 16:28:00  
84 - 13,2.58,subtraction,2025-01-12 16:29:00  
74 - 7,1.42,subtraction,2025-01-12 16:30:00  
8 × 6,3.9,multiplication,2025-01-12 16:31:00  
6 × 10,0.95,multiplication,2025-01-12 16:32:00  
88 + 27,2.9,addition,2025-01-12 16:33:00  
19 - 6,1.28,subtraction,2025-01-12 16:34:00  
124 ÷ 62,1.43,division,2025-01-12 16:35:00  
38 - 6,1.62,subtraction,2025-01-12 16:36:00  
960 ÷ 96,1.09,division,2025-01-12 16:37:00  
118 ÷ 59,1.52,division,2025-01-12 16:38:00  
11 × 20,1.48,multiplication,2025-01-12 16:39:00  
98 - 87,1.77,subtraction,2025-01-12 16:40:00  
1176 ÷ 98,3.95,division,2025-01-12 16:41:00  
38 + 72,2.25,addition,2025-01-12 16:42:00  
11 × 65,4.36,multiplication,2025-01-12 16:43:00  
54 - 42,1.42,subtraction,2025-01-12 16:44:00  
64 + 19,2.42,addition,2025-01-12 16:45:00  
25 - 22,1.0,subtraction,2025-01-12 16:46:00  
194 ÷ 97,1.15,division,2025-01-12 16:47:00  
8 + 3,1.07,addition,2025-01-12 16:48:00  
33 + 56,2.22,addition,2025-01-12 16:49:00  
84 + 29,2.13,addition,2025-01-12 16:50:00  
75 - 38,4.07,subtraction,2025-01-12 16:51:00  
210 ÷ 21,0.93,division,2025-01-12 16:52:00  
75 - 68,1.18,subtraction,2025-01-12 16:53:00  
210 ÷ 21,1.43,division,2025-01-12 16:54:00  
47 + 61,1.62,addition,2025-01-12 16:55:00  
3 × 5,1.01,multiplication,2025-01-12 16:56:00  
649 ÷ 59,3.1,division,2025-01-12 16:57:00  
594 ÷ 99,2.83,division,2025-01-12 16:58:00  
638 ÷ 58,2.53,division,2025-01-12 16:59:00  
65 - 55,0.91,subtraction,2025-01-12 17:00:00  
62 + 33,2.95,addition,2025-01-12 17:01:00  
10 × 56,1.64,multiplication,2025-01-12 17:02:00  
6 × 34,2.17,multiplication,2025-01-12 17:03:00  
73 - 8,1.3,subtraction,2025-01-12 17:04:00  
48 - 18,1.95,subtraction,2025-01-12 17:05:00  
6 × 91,2.93,multiplication,2025-01-12 17:06:00  
84 - 66,2.83,subtraction,2025-01-12 16:54:20
17 - 8,2.68,subtraction,2025-01-12 16:54:20
24 ÷ 6,0.97,division,2025-01-12 16:54:20
469 ÷ 67,3.99,division,2025-01-12 16:54:20
16 + 79,2.43,addition,2025-01-12 16:54:20
20 + 9,1.31,addition,2025-01-12 16:54:20
99 - 53,2.7,subtraction,2025-01-12 16:54:20
85 + 21,1.99,addition,2025-01-12 16:54:20
8 × 68,5.04,multiplication,2025-01-12 16:54:20
171 ÷ 19,2.23,division,2025-01-12 16:54:20
336 ÷ 56,1.69,division,2025-01-12 16:54:20
80 ÷ 16,4.16,division,2025-01-12 17:02:37
99 - 19,1.77,subtraction,2025-01-12 17:02:37
9 × 19,2.64,multiplication,2025-01-12 17:02:37
83 - 56,3.1,subtraction,2025-01-12 17:02:37
148 ÷ 74,1.19,division,2025-01-12 17:02:37
11 + 93,1.4,addition,2025-01-12 17:02:37
6 × 56,2.68,multiplication,2025-01-12 17:02:37
41 + 19,1.67,addition,2025-01-12 17:02:37
66 - 36,3.27,subtraction,2025-01-12 17:02:37
41 - 12,2.04,subtraction,2025-01-12 17:02:37
100 - 68,1.63,subtraction,2025-01-12 17:02:37
30 + 17,1.24,addition,2025-01-12 17:02:37
46 + 62,1.56,addition,2025-01-12 17:02:37
70 + 61,1.38,addition,2025-01-12 17:52:39
8 × 53,2.58,multiplication,2025-01-12 17:52:39
990 ÷ 90,2.97,division,2025-01-12 17:52:39
77 + 11,1.09,addition,2025-01-12 17:52:39
160 ÷ 16,1.13,division,2025-01-12 17:52:39
31 + 23,2.16,addition,2025-01-12 17:52:39
3 × 86,9.3,multiplication,2025-01-12 17:52:39
66 - 12,1.6,subtraction,2025-01-12 17:52:39
53 + 34,2.85,addition,2025-01-12 17:52:39
79 - 43,3.38,subtraction,2025-01-12 17:52:39
76 + 72,3.22,addition,2025-01-12 19:06:26
6 × 81,3.39,multiplication,2025-01-12 19:06:26
27 - 17,1.14,subtraction,2025-01-12 19:06:26
87 - 17,1.55,subtraction,2025-01-12 19:06:26
2 × 2,0.88,multiplication,2025-01-12 19:06:26
54 - 46,2.13,subtraction,2025-01-12 19:06:26
90 + 86,2.0,addition,2025-01-12 19:06:26
450 ÷ 75,7.96,division,2025-01-12 19:06:26
58 + 42,2.51,addition,2025-01-12 19:06:26
3 × 65,3.27,multiplication,2025-01-12 19:06:26
92 - 7,1.59,subtraction,2025-01-12 19:06:26
306 ÷ 51,1.44,division,2025-01-12 19:07:03
5 × 34,4.06,multiplication,2025-01-12 19:07:03
71 + 22,2.19,addition,2025-01-12 19:07:03
27 + 72,2.98,addition,2025-01-12 19:07:03
240 ÷ 24,1.24,division,2025-01-12 19:07:03
70 + 33,1.25,addition,2025-01-12 19:07:03
39 + 21,1.85,addition,2025-01-12 19:07:03
10 × 75,1.36,multiplication,2025-01-12 19:07:03
50 - 11,1.74,subtraction,2025-01-12 19:07:03
424 ÷ 53,1.81,division,2025-01-12 19:07:03
37 + 46,3.99,addition,2025-01-12 19:07:37
12 × 35,7.32,multiplication,2025-01-12 19:07:37
528 ÷ 48,3.65,division,2025-01-12 19:07:37
12 × 77,7.35,multiplication,2025-01-12 19:07:37
14 ÷ 2,1.02,division,2025-01-12 19:07:37
36 - 34,0.93,subtraction,2025-01-12 19:07:37
4 × 59,5.14,multiplication,2025-01-12 19:07:37
90 + 18,1.53,addition,2025-01-12 19:08:16
666 ÷ 74,2.03,division,2025-01-12 19:08:16
10 × 48,1.76,multiplication,2025-01-12 19:08:16
3 + 56,1.58,addition,2025-01-12 19:08:16
660 ÷ 66,1.69,division,2025-01-12 19:08:16
51 + 68,2.4,addition,2025-01-12 19:08:16
94 - 3,1.49,subtraction,2025-01-12 19:08:16
85 - 12,1.69,subtraction,2025-01-12 19:08:16
8 × 5,1.35,multiplication,2025-01-12 19:08:16
90 + 59,1.65,addition,2025-01-12 19:08:16
65 - 31,1.58,subtraction,2025-01-12 19:08:16
93 - 76,4.12,subtraction,2025-01-12 19:08:16
10 × 59,1.3,multiplication,2025-01-12 19:08:53
10 × 51,1.41,multiplication,2025-01-12 19:08:53
9 + 61,1.58,addition,2025-01-12 19:08:53
10 × 11,0.96,multiplication,2025-01-12 19:08:53
476 ÷ 68,2.93,division,2025-01-12 19:08:53
2 × 97,2.43,multiplication,2025-01-12 19:08:53
584 ÷ 73,2.33,division,2025-01-12 19:08:53
93 + 47,2.77,addition,2025-01-12 19:08:53
245 ÷ 49,2.1,division,2025-01-12 19:08:53
68 - 47,3.84,subtraction,2025-01-12 19:08:53
2 × 54,1.72,multiplication,2025-01-12 19:08:53
13 + 58,1.81,addition,2025-01-12 19:08:53
66 - 11,1.22,subtraction,2025-01-12 19:08:53
285 ÷ 57,3.11,division,2025-01-12 19:08:53
100 - 44,1.56,subtraction,2025-01-12 20:06:08
57 + 27,3.89,addition,2025-01-12 20:06:08
20 ÷ 10,1.34,division,2025-01-12 20:06:08
296 ÷ 37,2.01,division,2025-01-12 20:06:08
11 × 72,2.76,multiplication,2025-01-12 20:06:08
9 × 64,4.96,multiplication,2025-01-12 20:06:08
5 × 19,5.41,multiplication,2025-01-12 20:06:08
71 + 25,1.9,addition,2025-01-12 20:06:08
8 × 63,4.74,multiplication,2025-01-12 20:06:08
319 ÷ 29,2.83,division,2025-01-12 20:06:43
34 + 35,4.41,addition,2025-01-12 20:06:43
28 - 20,1.2,subtraction,2025-01-12 20:06:43
946 ÷ 86,2.01,division,2025-01-12 20:06:43
18 - 9,0.97,subtraction,2025-01-12 20:06:43
14 + 61,2.19,addition,2025-01-12 20:06:43
60 + 77,4.11,addition,2025-01-12 20:06:43
348 ÷ 58,1.95,division,2025-01-12 20:06:43
4 × 43,3.73,multiplication,2025-01-12 20:06:43
55 - 3,1.34,subtraction,2025-01-12 20:06:43
92 + 50,2.18,addition,2025-01-12 20:06:43
80 ÷ 10,0.83,division,2025-01-12 20:08:11
71 - 69,2.27,subtraction,2025-01-12 20:08:11
8 × 46,7.4,multiplication,2025-01-12 20:08:11
720 ÷ 72,0.97,division,2025-01-12 20:08:11
42 - 11,1.37,subtraction,2025-01-12 20:08:11
7 × 79,4.72,multiplication,2025-01-12 20:08:11
759 ÷ 69,1.89,division,2025-01-12 20:08:11
71 + 65,1.91,addition,2025-01-12 20:08:11
282 ÷ 94,1.78,division,2025-01-12 20:08:11
10 × 58,1.45,multiplication,2025-01-12 20:08:11
36 - 14,1.57,subtraction,2025-01-12 20:08:11
69 + 62,2.27,addition,2025-01-12 20:08:11
245 ÷ 49,1.6,division,2025-01-12 20:08:11
738 ÷ 82,1.4,division,2025-01-12 21:30:38
2 × 79,2.57,multiplication,2025-01-12 21:30:38
74 + 51,1.83,addition,2025-01-12 21:30:38
234 ÷ 39,1.53,division,2025-01-12 21:30:38
10 × 44,1.32,multiplication,2025-01-12 21:30:38
204 ÷ 17,12.41,division,2025-01-12 21:30:38
90 + 11,1.24,addition,2025-01-12 21:30:38
69 - 28,3.81,subtraction,2025-01-12 21:30:38
59 + 55,3.07,addition,2025-01-12 21:31:14
66 - 20,1.59,subtraction,2025-01-12 21:31:14
6 × 71,2.16,multiplication,2025-01-12 21:31:14
68 - 66,0.9,subtraction,2025-01-12 21:31:14
76 + 42,3.16,addition,2025-01-12 21:31:14
90 - 58,2.8,subtraction,2025-01-12 21:31:14
50 + 36,1.54,addition,2025-01-12 21:31:14
2 × 73,2.03,multiplication,2025-01-12 21:31:14
160 ÷ 32,2.16,division,2025-01-12 21:31:14
42 - 31,1.59,subtraction,2025-01-12 21:31:14
63 - 38,2.83,subtraction,2025-01-12 21:31:14
5 × 2,1.09,multiplication,2025-01-12 21:31:14
12 + 7,3.03,addition,2025-01-12 21:31:14
99 - 82,2.04,subtraction,2025-01-12 21:31:14
12 × 21,4.34,multiplication,2025-01-12 21:31:53
11 × 12,3.09,multiplication,2025-01-12 21:31:53
672 ÷ 56,8.2,division,2025-01-12 21:31:53
93 + 48,5.36,addition,2025-01-12 21:31:53
99 + 85,2.74,addition,2025-01-12 21:31:53
66 - 45,1.92,subtraction,2025-01-12 21:31:53
2 × 82,1.49,multiplication,2025-01-12 21:31:53
702 ÷ 78,1.81,division,2025-01-13 21:01:37
84 ÷ 28,1.06,division,2025-01-13 21:01:37
28 + 21,1.75,addition,2025-01-13 21:01:37
4 × 100,1.48,multiplication,2025-01-13 21:01:37
9 × 25,6.62,multiplication,2025-01-13 21:01:37
75 - 18,3.64,subtraction,2025-01-13 21:01:37
22 + 11,1.74,addition,2025-01-13 21:01:37
230 ÷ 23,0.81,division,2025-01-13 21:01:37
35 + 10,1.09,addition,2025-01-13 21:01:37
32 + 82,2.06,addition,2025-01-13 21:01:37
71 - 40,1.35,subtraction,2025-01-13 21:01:37
25 + 4,1.09,addition,2025-01-13 21:01:37
67 - 45,4.49,subtraction,2025-01-13 21:01:37
9 × 61,3.15,multiplication,2025-01-13 21:02:15
77 + 12,1.75,addition,2025-01-13 21:02:15
85 + 48,3.26,addition,2025-01-13 21:02:15
12 × 13,7.51,multiplication,2025-01-13 21:02:15
30 + 93,1.48,addition,2025-01-13 21:02:15
91 + 47,2.53,addition,2025-01-13 21:02:15
50 + 2,1.31,addition,2025-01-13 21:02:15
81 + 2,1.3,addition,2025-01-13 21:02:15
10 × 21,1.24,multiplication,2025-01-13 21:02:15
5 × 53,5.02,multiplication,2025-01-13 21:02:15
44 + 64,2.34,addition,2025-01-13 21:02:51
3 × 85,3.52,multiplication,2025-01-13 21:02:51
69 + 49,1.89,addition,2025-01-13 21:02:51
82 + 39,2.94,addition,2025-01-13 21:02:51
50 + 60,1.24,addition,2025-01-13 21:02:51
561 ÷ 51,2.35,division,2025-01-13 21:02:51
10 × 32,1.16,multiplication,2025-01-13 21:02:51
444 ÷ 74,1.79,division,2025-01-13 21:02:51
72 + 18,1.23,addition,2025-01-13 21:02:51
700 ÷ 100,1.11,division,2025-01-13 21:02:51
10 × 75,1.34,multiplication,2025-01-13 21:02:51
73 + 82,2.79,addition,2025-01-13 21:02:51
71 - 60,1.19,subtraction,2025-01-13 21:02:51
4 + 60,3.51,addition,2025-01-13 21:02:51
297 ÷ 27,1.46,division,2025-01-13 21:02:51
29 - 20,1.05,subtraction,2025-01-13 22:50:33
27 + 95,3.24,addition,2025-01-13 22:50:33
900 ÷ 75,4.99,division,2025-01-13 22:50:33
276 ÷ 23,2.56,division,2025-01-13 22:50:33
588 ÷ 49,3.72,division,2025-01-13 22:50:33
27 + 47,2.78,addition,2025-01-13 22:50:33
4 × 45,1.7,multiplication,2025-01-13 22:50:33
87 + 55,3.4,addition,2025-01-13 22:50:33
497 ÷ 71,2.73,division,2025-01-13 22:50:33
325 ÷ 65,1.98,division,2025-01-13 22:50:33
95 - 63,3.98,subtraction,2025-01-13 23:32:07
96 - 21,2.51,subtraction,2025-01-13 23:32:07
120 ÷ 30,0.95,division,2025-01-13 23:32:07
45 + 77,2.96,addition,2025-01-13 23:32:07
384 ÷ 96,1.67,division,2025-01-13 23:32:07
6 × 61,2.57,multiplication,2025-01-13 23:32:07
21 + 40,2.12,addition,2025-01-13 23:32:07
540 ÷ 54,0.99,division,2025-01-14 20:36:15
76 ÷ 38,3.28,division,2025-01-14 20:36:15
11 × 64,3.41,multiplication,2025-01-14 20:36:15
84 + 78,2.22,addition,2025-01-14 20:36:15
4 × 82,4.23,multiplication,2025-01-14 20:36:15
39 - 24,1.52,subtraction,2025-01-14 20:36:15
324 ÷ 36,1.57,division,2025-01-14 20:36:15
84 + 30,4.99,addition,2025-01-14 20:36:15
3 + 6,0.99,addition,2025-01-14 20:36:15
98 + 59,6.12,addition,2025-01-14 20:36:15
60 - 4,1.18,subtraction,2025-01-14 20:36:47
112 ÷ 14,2.06,division,2025-01-14 20:36:47
222 ÷ 37,4.07,division,2025-01-14 20:36:47
87 - 70,1.37,subtraction,2025-01-14 20:36:47
21 - 5,1.31,subtraction,2025-01-14 20:36:47
216 ÷ 72,1.76,division,2025-01-14 20:36:47
92 - 88,1.12,subtraction,2025-01-14 20:36:47
504 ÷ 63,3.79,division,2025-01-14 20:36:47
979 ÷ 89,2.07,division,2025-01-14 20:36:47
6 + 12,1.07,addition,2025-01-14 20:36:47
79 - 11,3.36,subtraction,2025-01-14 20:36:47
54 - 4,1.1,subtraction,2025-01-14 20:36:47
54 + 32,1.83,addition,2025-01-14 20:36:47
80 - 27,2.58,subtraction,2025-01-14 20:36:47
183 ÷ 61,1.36,division,2025-01-14 20:36:47
12 × 90,6.15,multiplication,2025-01-14 20:37:24
83 + 15,1.74,addition,2025-01-14 20:37:24
9 × 79,13.06,multiplication,2025-01-14 20:37:24
4 × 61,2.48,multiplication,2025-01-14 20:37:24
225 ÷ 45,1.23,division,2025-01-14 20:37:24
72 + 2,1.51,addition,2025-01-14 20:37:24
49 - 24,3.23,subtraction,2025-01-14 20:37:58
252 ÷ 63,1.71,division,2025-01-14 20:37:58
52 - 22,1.78,subtraction,2025-01-14 20:37:58
564 ÷ 94,1.66,division,2025-01-14 20:37:58
11 × 77,3.8,multiplication,2025-01-14 20:37:58
96 ÷ 12,6.88,division,2025-01-14 20:37:58
166 ÷ 83,1.43,division,2025-01-14 20:37:58
11 × 25,2.2,multiplication,2025-01-14 20:37:58
98 - 74,3.8,subtraction,2025-01-14 20:37:58
98 - 60,1.95,subtraction,2025-01-14 20:37:58
72 - 8,1.51,subtraction,2025-01-14 20:38:39
89 - 33,3.64,subtraction,2025-01-14 20:38:39
38 - 12,2.36,subtraction,2025-01-14 20:38:39
11 × 58,2.73,multiplication,2025-01-14 20:38:39
3 × 89,5.04,multiplication,2025-01-14 20:38:39
455 ÷ 91,1.16,division,2025-01-14 20:38:39
6 × 90,1.69,multiplication,2025-01-14 20:38:39
292 ÷ 73,1.46,division,2025-01-14 20:38:39
3 × 23,2.23,multiplication,2025-01-14 20:38:39
87 - 39,5.68,subtraction,2025-01-14 20:38:39
8 + 97,1.85,addition,2025-01-14 20:38:39
42 ÷ 21,0.94,division,2025-01-15 23:15:00
3 × 98,5.88,multiplication,2025-01-15 23:15:00
93 - 38,2.53,subtraction,2025-01-15 23:15:00
91 - 41,1.47,subtraction,2025-01-15 23:15:00
12 + 31,1.31,addition,2025-01-15 23:15:00
21 ÷ 7,1.61,division,2025-01-15 23:15:00
5 × 92,3.04,multiplication,2025-01-15 23:15:00
5 × 59,9.43,multiplication,2025-01-15 23:15:00
810 ÷ 90,0.99,division,2025-01-15 23:15:00
648 ÷ 72,2.72,division,2025-01-15 23:15:00
4 × 71,2.47,multiplication,2025-01-15 23:15:36
49 + 84,2.58,addition,2025-01-15 23:15:36
12 × 45,8.91,multiplication,2025-01-15 23:15:36
158 ÷ 79,0.99,division,2025-01-15 23:15:36
4 × 33,4.45,multiplication,2025-01-15 23:15:36
91 + 46,4.12,addition,2025-01-15 23:15:36
58 + 87,2.43,addition,2025-01-15 23:16:29
49 - 29,1.95,subtraction,2025-01-15 23:16:29
56 - 13,1.43,subtraction,2025-01-15 23:16:29
9 × 58,5.55,multiplication,2025-01-15 23:16:29
5 × 100,1.05,multiplication,2025-01-15 23:16:29
1000 ÷ 100,1.39,division,2025-01-15 23:16:29
63 + 77,1.69,addition,2025-01-15 23:16:29
7 × 70,1.57,multiplication,2025-01-15 23:16:29
72 + 24,4.71,addition,2025-01-15 23:16:29
10 × 28,1.5,multiplication,2025-01-15 23:16:29
64 + 51,2.21,addition,2025-01-15 23:16:29
5 × 56,3.65,multiplication,2025-01-15 23:16:29
58 + 61,2.12,addition,2025-01-15 23:17:09
784 ÷ 98,1.27,division,2025-01-15 23:17:09
88 - 60,2.66,subtraction,2025-01-15 23:17:09
336 ÷ 56,1.23,division,2025-01-15 23:17:09
360 ÷ 30,3.33,division,2025-01-15 23:17:09
63 - 23,2.17,subtraction,2025-01-15 23:17:09
492 ÷ 41,2.03,division,2025-01-15 23:17:09
8 × 31,2.74,multiplication,2025-01-15 23:17:09
21 + 50,1.43,addition,2025-01-15 23:17:09
84 - 73,1.21,subtraction,2025-01-15 23:17:09
2 × 27,1.16,multiplication,2025-01-15 23:17:09
252 ÷ 42,2.47,division,2025-01-15 23:17:09
45 + 64,2.68,addition,2025-01-15 23:17:09
40 - 21,1.41,subtraction,2025-01-15 23:17:09
90 - 67,1.88,subtraction,2025-01-15 23:17:45
168 ÷ 14,2.14,division,2025-01-15 23:17:45
8 × 27,9.2,multiplication,2025-01-15 23:17:45
62 - 5,2.0,subtraction,2025-01-15 23:17:45
89 + 9,1.53,addition,2025-01-15 23:17:45
240 ÷ 40,1.94,division,2025-01-15 23:17:45
10 + 35,1.17,addition,2025-01-15 23:17:45
23 - 19,1.04,subtraction,2025-01-15 23:17:45
216 ÷ 18,3.79,division,2025-01-15 23:17:45
97 - 32,2.8,subtraction,2025-01-15 23:17:45
60 + 48,1.94,addition,2025-01-15 23:17:45
15 + 94,3.52,addition,2025-01-15 23:18:41
24 ÷ 6,4.76,division,2025-01-15 23:18:41
4 + 54,1.36,addition,2025-01-15 23:18:41
2 × 62,2.49,multiplication,2025-01-15 23:18:41
285 ÷ 57,3.57,division,2025-01-15 23:18:41
4 + 92,2.27,addition,2025-01-15 23:18:41
66 - 4,1.34,subtraction,2025-01-15 23:18:41
12 × 73,4.79,multiplication,2025-01-15 23:18:41
32 + 27,2.4,addition,2025-01-15 23:18:41
94 - 60,1.63,subtraction,2025-01-15 23:18:41
100 - 55,1.46,subtraction,2025-01-15 23:18:41
75 + 72,2.25,addition,2025-01-15 23:19:14
6 × 30,1.18,multiplication,2025-01-15 23:19:14
25 + 33,1.66,addition,2025-01-15 23:19:14
122 ÷ 61,0.87,division,2025-01-15 23:19:14
570 ÷ 57,1.3,division,2025-01-15 23:19:14
5 × 26,3.02,multiplication,2025-01-15 23:19:14
57 + 2,2.04,addition,2025-01-15 23:19:14
97 - 55,5.24,subtraction,2025-01-15 23:19:14
10 × 22,1.48,multiplication,2025-01-15 23:19:14
3 × 86,4.19,multiplication,2025-01-15 23:19:14
74 - 33,2.65,subtraction,2025-01-15 23:19:14
97 + 73,3.79,addition,2025-01-15 23:19:14
52 - 17,3.4,subtraction,2025-01-15 23:21:16
46 - 39,4.57,subtraction,2025-01-15 23:21:16
12 + 10,1.13,addition,2025-01-15 23:21:16
6 × 51,1.69,multiplication,2025-01-15 23:21:16
10 × 97,1.5,multiplication,2025-01-15 23:21:16
98 - 83,1.28,subtraction,2025-01-15 23:21:16
19 - 2,0.91,subtraction,2025-01-15 23:21:16
73 + 60,2.52,addition,2025-01-15 23:21:16
2 × 55,1.23,multiplication,2025-01-15 23:21:16
413 ÷ 59,6.16,division,2025-01-15 23:21:16
30 - 23,1.82,subtraction,2025-01-15 23:21:16
75 - 45,1.21,subtraction,2025-01-15 23:21:16
12 × 70,2.5,multiplication,2025-01-15 23:21:16
774 ÷ 86,2.09,division,2025-01-15 23:22:54
405 ÷ 45,1.63,division,2025-01-15 23:22:54
484 ÷ 44,2.43,division,2025-01-15 23:22:54
4 × 62,2.63,multiplication,2025-01-15 23:22:54
12 × 95,6.73,multiplication,2025-01-15 23:22:54
23 - 7,6.41,subtraction,2025-01-15 23:22:54
51 - 32,2.3,subtraction,2025-01-15 23:22:54
32 + 40,1.62,addition,2025-01-15 23:22:54
75 - 63,1.29,subtraction,2025-01-15 23:22:54
10 + 56,1.69,addition,2025-01-15 23:22:54
35 + 35,1.1,addition,2025-01-15 23:23:30
45 - 20,1.94,subtraction,2025-01-15 23:23:30
32 + 100,1.66,addition,2025-01-15 23:23:30
8 × 9,1.7,multiplication,2025-01-15 23:23:30
90 ÷ 45,1.11,division,2025-01-15 23:23:30
85 + 82,4.21,addition,2025-01-15 23:23:30
56 - 42,1.85,subtraction,2025-01-15 23:23:30
5 × 58,2.66,multiplication,2025-01-15 23:23:30
2 × 96,2.79,multiplication,2025-01-15 23:23:30
13 + 27,1.5,addition,2025-01-15 23:23:30
10 + 81,1.29,addition,2025-01-15 23:23:30
27 + 70,2.9,addition,2025-01-15 23:23:30
98 + 68,3.3,addition,2025-01-15 23:23:30
5 × 2,0.71,multiplication,2025-01-18 16:37:51
9 × 6,1.14,multiplication,2025-01-18 16:37:51
89 + 18,1.6,addition,2025-01-18 16:37:51
61 + 59,2.03,addition,2025-01-18 16:37:51
8 × 87,9.11,multiplication,2025-01-18 16:37:51
638 ÷ 58,4.6,division,2025-01-18 16:37:51
7 × 49,4.73,multiplication,2025-01-18 16:37:51
90 + 61,1.4,addition,2025-01-18 16:37:51
88 - 74,1.84,subtraction,2025-01-18 16:37:51
34 ÷ 17,0.89,division,2025-01-18 16:37:51
93 - 36,2.87,subtraction,2025-01-18 16:38:24
286 ÷ 26,3.71,division,2025-01-18 16:38:24
8 × 75,6.13,multiplication,2025-01-18 16:38:24
65 - 14,1.41,subtraction,2025-01-18 16:38:24
27 - 15,1.34,subtraction,2025-01-18 16:38:24
42 + 27,3.17,addition,2025-01-18 16:38:24
57 + 27,2.15,addition,2025-01-18 16:38:24
100 - 57,1.22,subtraction,2025-01-18 16:38:24
6 + 52,1.28,addition,2025-01-18 16:38:24
8 × 16,6.35,multiplication,2025-01-18 16:38:24
48 - 32,1.6,subtraction,2025-01-18 16:38:57
42 + 53,2.2,addition,2025-01-18 16:38:57
37 + 89,4.19,addition,2025-01-18 16:38:57
6 × 58,5.65,multiplication,2025-01-18 16:38:57
89 - 40,5.41,subtraction,2025-01-18 16:38:57
12 × 6,1.82,multiplication,2025-01-18 16:38:57
78 - 52,2.08,subtraction,2025-01-19 13:58:21
294 ÷ 42,2.49,division,2025-01-19 13:58:21
70 - 56,3.03,subtraction,2025-01-19 13:58:21
864 ÷ 72,2.26,division,2025-01-19 13:58:21
264 ÷ 66,1.63,division,2025-01-19 13:58:21
89 - 34,3.36,subtraction,2025-01-19 13:58:21
57 + 67,2.77,addition,2025-01-19 13:58:21
78 - 73,1.07,subtraction,2025-01-19 13:58:21
3 + 71,1.6,addition,2025-01-19 13:58:21
98 - 64,1.91,subtraction,2025-01-19 13:58:21
3 × 98,6.63,multiplication,2025-01-19 13:58:21
85 + 56,2.52,addition,2025-01-19 13:58:54
88 + 8,1.47,addition,2025-01-19 13:58:54
3 × 94,4.64,multiplication,2025-01-19 13:58:54
57 - 54,1.28,subtraction,2025-01-19 13:58:54
54 + 35,2.07,addition,2025-01-19 13:58:54
84 - 10,1.25,subtraction,2025-01-19 13:58:54
79 + 12,1.6,addition,2025-01-19 13:58:54
63 - 52,1.64,subtraction,2025-01-19 13:58:54
54 - 18,2.67,subtraction,2025-01-19 13:58:54
91 - 71,1.66,subtraction,2025-01-19 13:58:54
96 + 32,2.62,addition,2025-01-19 13:58:54
108 ÷ 9,3.96,division,2025-01-19 13:58:54
297 ÷ 33,2.58,division,2025-01-19 13:58:54
62 + 24,3.34,addition,2025-01-19 14:16:30
504 ÷ 42,1.76,division,2025-01-19 14:16:30
12 × 99,10.33,multiplication,2025-01-19 14:16:30
970 ÷ 97,1.15,division,2025-01-19 14:16:30
4 × 47,6.52,multiplication,2025-01-19 14:16:30
86 - 42,2.89,subtraction,2025-01-19 14:16:30
22 + 96,3.91,addition,2025-01-19 14:16:30
5 × 92,5.1,multiplication,2025-01-19 20:26:10
75 + 62,2.38,addition,2025-01-19 20:26:10
9 × 86,5.53,multiplication,2025-01-19 20:26:10
54 - 47,1.79,subtraction,2025-01-19 20:26:10
37 + 97,5.49,addition,2025-01-19 20:26:10
33 + 44,1.2,addition,2025-01-19 20:26:10
3 × 70,1.26,multiplication,2025-01-19 20:26:10
516 ÷ 86,1.38,division,2025-01-19 20:26:10
253 ÷ 23,2.29,division,2025-01-19 20:26:10
3 × 15,1.54,multiplication,2025-01-19 20:26:10
340 ÷ 85,1.93,division,2025-01-19 20:26:10
38 + 91,3.32,addition,2025-01-21 23:42:22
92 - 2,1.19,subtraction,2025-01-21 23:42:22
3 × 87,14.94,multiplication,2025-01-21 23:42:22
81 + 68,2.75,addition,2025-01-21 23:42:22
3 × 84,5.17,multiplication,2025-01-21 23:42:22
3 - 2,0.81,subtraction,2025-01-21 23:42:22
91 - 31,1.66,subtraction,2025-01-21 23:42:55
56 - 3,1.36,subtraction,2025-01-21 23:42:55
3 + 76,1.46,addition,2025-01-21 23:42:55
93 - 29,3.07,subtraction,2025-01-21 23:42:55
5 × 42,2.96,multiplication,2025-01-21 23:42:55
168 ÷ 56,1.27,division,2025-01-21 23:42:55
759 ÷ 69,2.24,division,2025-01-21 23:42:55
47 + 14,1.48,addition,2025-01-21 23:42:55
7 + 16,1.19,addition,2025-01-21 23:42:55
82 + 60,2.37,addition,2025-01-21 23:42:55
15 + 19,2.86,addition,2025-01-21 23:42:55
78 + 63,2.16,addition,2025-01-21 23:42:55
28 - 16,1.35,subtraction,2025-01-21 23:42:55
440 ÷ 40,2.51,division,2025-01-21 23:42:55
52 - 20,1.58,subtraction,2025-01-21 23:42:55
84 + 4,2.65,addition,2025-01-24 21:20:35
4 × 58,4.85,multiplication,2025-01-24 21:20:35
48 ÷ 8,1.87,division,2025-01-24 21:20:35
3 × 32,2.56,multiplication,2025-01-24 21:20:35
84 - 6,1.76,subtraction,2025-01-24 21:20:35
11 × 98,4.46,multiplication,2025-01-24 21:20:35
4 × 41,1.98,multiplication,2025-01-24 21:20:35
87 - 64,1.96,subtraction,2025-01-24 21:20:35
430 ÷ 86,1.28,division,2025-01-24 21:20:35
55 ÷ 11,1.75,division,2025-01-24 21:20:35
8 - 6,0.74,subtraction,2025-01-24 21:20:35
81 - 68,1.67,subtraction,2025-01-24 21:20:35
24 + 69,2.37,addition,2025-01-24 21:20:35
46 + 73,2.35,addition,2025-01-24 21:21:13
69 - 10,1.35,subtraction,2025-01-24 21:21:13
75 + 93,3.34,addition,2025-01-24 21:21:13
82 + 30,1.61,addition,2025-01-24 21:21:13
650 ÷ 65,1.08,division,2025-01-24 21:21:13
100 ÷ 50,1.27,division,2025-01-24 21:21:13
5 × 92,4.72,multiplication,2025-01-24 21:21:13
320 ÷ 32,0.9,division,2025-01-24 21:21:13
4 × 82,2.91,multiplication,2025-01-24 21:21:13
57 + 25,2.59,addition,2025-01-24 21:21:13
49 + 41,1.64,addition,2025-01-24 21:21:13
96 - 50,1.35,subtraction,2025-01-24 21:21:13
260 ÷ 65,1.66,division,2025-01-24 21:21:13
24 - 14,1.0,subtraction,2025-01-24 21:21:13
84 ÷ 42,0.97,division,2025-01-24 21:21:13
441 ÷ 63,1.41,division,2025-01-24 21:50:23
352 ÷ 44,2.19,division,2025-01-24 21:50:23
7 × 43,3.22,multiplication,2025-01-24 21:50:23
30 - 16,1.24,subtraction,2025-01-24 21:50:23
78 - 5,1.56,subtraction,2025-01-24 21:50:23
5 × 54,2.76,multiplication,2025-01-24 21:50:23
12 × 25,6.65,multiplication,2025-01-24 21:50:23
6 × 14,3.37,multiplication,2025-01-24 21:50:23
240 ÷ 20,1.56,division,2025-01-24 21:50:23
7 + 51,1.99,addition,2025-01-24 21:50:23
25 + 29,3.2,addition,2025-01-24 21:50:23
82 - 30,1.42,subtraction,2025-01-26 10:43:30
99 - 12,2.2,subtraction,2025-01-26 10:43:30
23 - 11,1.47,subtraction,2025-01-26 10:43:30
83 - 12,1.24,subtraction,2025-01-26 10:43:30
79 - 42,3.07,subtraction,2025-01-26 10:43:30
46 - 15,2.02,subtraction,2025-01-26 10:43:30
355 ÷ 71,1.18,division,2025-01-26 10:43:30
8 × 85,4.14,multiplication,2025-01-26 10:43:30
97 + 74,5.23,addition,2025-01-26 10:43:30
54 - 3,1.17,subtraction,2025-01-26 10:43:30
665 ÷ 95,1.05,division,2025-01-26 10:43:30
61 + 33,1.42,addition,2025-01-26 10:43:30
100 - 93,1.59,subtraction,2025-01-26 10:44:12
267 ÷ 89,1.49,division,2025-01-26 10:44:12
22 + 67,1.34,addition,2025-01-26 10:44:12
12 × 32,5.74,multiplication,2025-01-26 10:44:12
83 - 22,1.35,subtraction,2025-01-26 10:44:12
3 × 74,5.89,multiplication,2025-01-26 10:44:12
12 × 40,1.94,multiplication,2025-01-26 10:44:12
9 × 6,1.69,multiplication,2025-01-26 10:44:12
64 ÷ 16,1.74,division,2025-01-26 10:47:28
7 × 60,1.53,multiplication,2025-01-26 10:47:28
11 × 66,9.48,multiplication,2025-01-26 10:47:28
8 × 52,1.75,multiplication,2025-01-26 10:47:28
324 ÷ 27,1.32,division,2025-01-26 10:47:28
602 ÷ 86,2.25,division,2025-01-26 10:47:28
86 - 10,1.13,subtraction,2025-01-26 10:47:28
8 - 4,0.72,subtraction,2025-01-26 10:47:28
9 + 95,1.56,addition,2025-01-26 10:47:28
98 - 17,3.39,subtraction,2025-01-26 10:47:28
7 + 93,1.23,addition,2025-01-26 10:47:28
280 ÷ 56,1.24,division,2025-01-26 10:47:28
168 ÷ 28,7.45,division,2025-01-26 10:48:53
46 ÷ 23,0.97,division,2025-01-26 10:48:53
30 + 49,2.72,addition,2025-01-26 10:48:53
65 + 15,2.52,addition,2025-01-26 10:48:53
70 + 20,1.1,addition,2025-01-26 10:48:53
23 - 8,1.26,subtraction,2025-01-26 10:48:53
4 × 14,2.35,multiplication,2025-01-26 10:48:53
150 ÷ 75,1.35,division,2025-01-26 10:48:53
100 ÷ 20,1.03,division,2025-01-26 10:48:53
11 × 3,2.5,multiplication,2025-01-26 10:48:53
24 - 11,2.27,subtraction,2025-01-26 10:48:53
315 ÷ 45,2.8,division,2025-01-26 10:48:53
11 × 14,5.65,multiplication,2025-01-26 10:49:34
63 - 54,1.91,subtraction,2025-01-26 10:49:34
12 × 33,4.85,multiplication,2025-01-26 10:49:34
53 + 56,1.71,addition,2025-01-26 10:49:34
10 × 18,0.99,multiplication,2025-01-26 10:49:34
2 + 70,1.09,addition,2025-01-26 10:49:34
25 + 43,3.34,addition,2025-01-26 10:49:34
70 - 45,2.1,subtraction,2025-01-26 10:49:34
46 + 8,2.28,addition,2025-01-26 10:49:34
6 ÷ 3,0.96,division,2025-01-26 10:49:34
9 × 6,1.12,multiplication,2025-01-26 10:49:34
89 - 56,2.94,subtraction,2025-01-26 10:49:34
27 + 59,2.68,addition,2025-01-26 10:50:07
276 ÷ 92,1.43,division,2025-01-26 10:50:07
52 + 51,1.29,addition,2025-01-26 10:50:07
83 - 60,2.26,subtraction,2025-01-26 10:50:07
12 × 58,5.53,multiplication,2025-01-26 10:50:07
64 - 48,2.76,subtraction,2025-01-26 10:50:07
5 × 42,2.69,multiplication,2025-01-26 10:50:07
94 + 77,2.56,addition,2025-01-26 10:50:07
5 × 69,6.96,multiplication,2025-01-26 10:50:07
87 + 100,1.2,addition,2025-01-26 10:50:07
26 + 42,2.84,addition,2025-01-26 13:48:57
1092 ÷ 91,2.06,division,2025-01-26 13:48:57
99 - 73,3.51,subtraction,2025-01-26 13:48:57
74 - 21,1.79,subtraction,2025-01-26 13:48:57
29 + 42,2.56,addition,2025-01-26 13:48:57
12 × 23,6.46,multiplication,2025-01-26 13:48:57
416 ÷ 52,1.2,division,2025-01-26 13:48:57
61 + 89,2.93,addition,2025-01-26 13:48:57
102 ÷ 34,1.24,division,2025-01-26 13:48:57
74 - 11,1.65,subtraction,2025-01-26 13:48:57
45 + 5,0.9,addition,2025-01-26 13:48:57
3 + 44,1.69,addition,2025-01-26 13:48:57
286 ÷ 26,2.13,division,2025-01-26 13:58:33
172 ÷ 43,2.08,division,2025-01-26 13:58:33
61 - 7,1.39,subtraction,2025-01-26 13:58:33
2 × 78,2.65,multiplication,2025-01-26 13:58:33
62 - 57,1.98,subtraction,2025-01-26 13:58:33
23 - 3,1.15,subtraction,2025-01-26 13:58:33
616 ÷ 56,2.64,division,2025-01-26 13:58:33
11 × 78,7.24,multiplication,2025-01-26 13:58:33
95 + 13,1.63,addition,2025-01-26 13:58:33
59 - 46,1.77,subtraction,2025-01-26 13:58:33
60 + 71,1.4,addition,2025-01-26 13:58:33
60 - 37,1.52,subtraction,2025-01-26 13:58:33
3 × 23,1.57,multiplication,2025-01-26 19:42:55
94 + 43,3.74,addition,2025-01-26 19:42:55
54 + 52,2.72,addition,2025-01-26 19:42:55
87 - 4,5.45,subtraction,2025-01-26 19:42:55
216 ÷ 36,1.65,division,2025-01-26 19:42:55
74 ÷ 37,0.87,division,2025-01-26 19:42:55
97 - 19,5.73,subtraction,2025-01-26 19:42:55
51 + 63,2.54,addition,2025-01-26 19:42:55
594 ÷ 54,2.66,division,2025-01-26 19:42:55
98 + 5,1.27,addition,2025-01-26 19:42:55
9 × 9,1.71,multiplication,2025-01-27 13:19:51
56 + 30,1.54,addition,2025-01-27 13:19:51
10 + 86,1.22,addition,2025-01-27 13:19:51
48 - 36,1.07,subtraction,2025-01-27 13:19:51
34 - 21,1.84,subtraction,2025-01-27 13:19:51
41 - 28,1.89,subtraction,2025-01-27 13:19:51
2 × 98,1.96,multiplication,2025-01-27 13:19:51
790 ÷ 79,1.07,division,2025-01-27 13:19:51
38 - 10,2.05,subtraction,2025-01-27 13:19:51
2 × 33,4.43,multiplication,2025-01-27 13:19:51
79 - 72,1.0,subtraction,2025-01-27 13:19:51
11 + 32,1.46,addition,2025-01-27 13:19:51
5 × 39,6.39,multiplication,2025-01-27 13:19:51
50 - 47,1.14,subtraction,2025-01-27 13:19:51
55 - 19,2.65,subtraction,2025-01-28 14:59:35
10 × 76,1.58,multiplication,2025-01-28 14:59:35
96 ÷ 16,2.19,division,2025-01-28 14:59:35
470 ÷ 94,1.7,division,2025-01-28 14:59:35
96 ÷ 48,0.89,division,2025-01-28 14:59:35
475 ÷ 95,3.67,division,2025-01-28 14:59:35
413 ÷ 59,3.01,division,2025-02-01 13:38:15
6 × 2,0.98,multiplication,2025-02-01 13:38:15
48 + 73,3.04,addition,2025-02-01 13:38:15
10 × 90,1.1,multiplication,2025-02-01 13:38:15
11 × 84,2.57,multiplication,2025-02-01 13:38:15
738 ÷ 82,6.23,division,2025-02-01 13:38:15
80 ÷ 8,0.96,division,2025-02-01 13:38:15
57 - 10,1.31,subtraction,2025-02-01 13:38:15
56 - 22,2.22,subtraction,2025-02-01 13:38:15
55 - 17,4.77,subtraction,2025-02-01 13:38:15
80 + 27,1.98,addition,2025-02-01 13:38:15
43 + 65,1.9,addition,2025-02-01 13:38:15
47 + 51,2.56,addition,2025-02-01 13:38:49
11 × 24,1.93,multiplication,2025-02-01 13:38:49
300 ÷ 60,1.09,division,2025-02-01 13:38:49
81 + 95,3.23,addition,2025-02-01 13:38:49
50 - 33,1.75,subtraction,2025-02-01 13:38:49
91 - 76,1.38,subtraction,2025-02-01 13:38:49
49 - 12,1.93,subtraction,2025-02-01 13:38:49
208 ÷ 52,1.5,division,2025-02-01 13:38:49
340 ÷ 85,2.32,division,2025-02-01 13:38:49
552 ÷ 46,1.4,division,2025-02-01 13:38:49
68 + 49,2.18,addition,2025-02-01 13:38:49
49 - 23,1.97,subtraction,2025-02-01 13:38:49
252 ÷ 42,3.43,division,2025-02-01 13:38:49
198 ÷ 18,2.23,division,2025-02-01 13:38:49
12 - 9,1.36,subtraction,2025-02-01 13:39:22
680 ÷ 68,0.76,division,2025-02-01 13:39:22
54 ÷ 9,1.9,division,2025-02-01 13:39:22
360 ÷ 90,1.51,division,2025-02-01 13:39:22
44 - 20,3.02,subtraction,2025-02-01 13:39:22
3 × 71,7.16,multiplication,2025-02-01 13:39:22
65 - 16,2.09,subtraction,2025-02-01 13:39:22
73 - 21,1.66,subtraction,2025-02-01 13:39:22
97 - 37,1.85,subtraction,2025-02-01 13:39:22
231 ÷ 21,1.84,division,2025-02-01 13:39:22
78 + 74,1.94,addition,2025-02-01 13:39:22
16 ÷ 2,0.96,division,2025-02-01 13:39:22
77 - 44,1.14,subtraction,2025-02-01 13:39:22
10 + 20,1.07,addition,2025-02-01 13:39:22
77 - 33,0.89,subtraction,2025-02-01 13:39:22
36 + 56,1.84,addition,2025-02-01 13:43:26
38 - 38,1.71,subtraction,2025-02-01 13:43:26
68 - 50,1.71,subtraction,2025-02-01 13:43:26
176 ÷ 16,2.35,division,2025-02-01 13:43:26
558 ÷ 62,2.71,division,2025-02-01 13:43:26
464 ÷ 58,1.31,division,2025-02-01 13:43:26
7 × 82,4.48,multiplication,2025-02-01 13:43:26
5 × 25,5.34,multiplication,2025-02-01 13:43:26
94 + 60,1.69,addition,2025-02-01 13:43:26
24 - 14,0.86,subtraction,2025-02-01 13:43:26
80 - 72,1.05,subtraction,2025-02-01 13:43:26
79 - 56,1.65,subtraction,2025-02-01 13:43:26
9 + 16,1.4,addition,2025-02-01 13:43:26
4 + 98,1.18,addition,2025-02-01 13:43:26
3 × 74,5.47,multiplication,2025-02-01 21:46:11
57 - 49,2.16,subtraction,2025-02-01 21:46:11
460 ÷ 46,0.92,division,2025-02-01 21:46:11
6 × 51,3.83,multiplication,2025-02-01 21:46:11
39 - 20,1.15,subtraction,2025-02-01 21:46:11
44 + 19,3.34,addition,2025-02-01 21:47:18
27 + 73,4.73,addition,2025-02-01 21:47:18
62 - 44,2.92,subtraction,2025-02-01 21:47:18
94 - 84,1.29,subtraction,2025-02-01 21:47:18
12 × 59,5.75,multiplication,2025-02-01 21:47:18
31 + 92,4.84,addition,2025-02-01 21:47:18
6 × 45,5.17,multiplication,2025-02-01 21:47:18
52 - 51,0.92,subtraction,2025-02-02 22:11:12
11 × 40,1.27,multiplication,2025-02-02 22:11:12
510 ÷ 85,1.14,division,2025-02-02 22:11:12
210 ÷ 21,0.83,division,2025-02-02 22:11:12
7 × 17,7.41,multiplication,2025-02-02 22:11:12
10 × 97,1.56,multiplication,2025-02-02 22:11:12
112 ÷ 14,1.97,division,2025-02-02 22:11:12
2 × 96,1.65,multiplication,2025-02-02 22:11:12
407 ÷ 37,2.27,division,2025-02-02 22:11:12
75 + 63,10.02,addition,2025-02-02 22:11:12
25 + 82,2.28,addition,2025-02-02 22:11:47
62 - 48,1.37,subtraction,2025-02-02 22:11:47
60 - 39,5.31,subtraction,2025-02-02 22:11:47
3 × 41,1.91,multiplication,2025-02-02 22:11:47
61 + 4,1.46,addition,2025-02-02 22:11:47
344 ÷ 43,2.24,division,2025-02-02 22:11:47
33 + 19,3.43,addition,2025-02-02 22:11:47
80 - 33,3.03,subtraction,2025-02-02 22:11:47
2 × 30,1.01,multiplication,2025-02-02 22:11:47
31 + 37,1.66,addition,2025-02-02 22:11:47
4 + 81,1.32,addition,2025-02-02 22:11:47
8 - 4,0.95,subtraction,2025-02-02 22:11:47
32 + 62,2.46,addition,2025-02-02 22:11:47
90 - 77,1.4,subtraction,2025-02-02 22:11:47
9 × 62,3.88,multiplication,2025-02-02 22:12:21
474 ÷ 79,2.09,division,2025-02-02 22:12:21
28 - 16,1.25,subtraction,2025-02-02 22:12:21
2 × 23,1.87,multiplication,2025-02-02 22:12:21
81 + 29,2.72,addition,2025-02-02 22:12:21
77 - 77,1.01,subtraction,2025-02-02 22:12:21
7 + 67,2.09,addition,2025-02-02 22:12:21
320 ÷ 40,6.36,division,2025-02-02 22:12:21
2 × 66,1.42,multiplication,2025-02-02 22:12:21
174 ÷ 29,3.36,division,2025-02-02 22:12:53
10 × 83,2.49,multiplication,2025-02-02 22:12:53
74 + 78,1.94,addition,2025-02-02 22:12:53
98 - 3,1.52,subtraction,2025-02-02 22:12:53
7 × 6,1.32,multiplication,2025-02-02 22:12:53
79 - 62,2.09,subtraction,2025-02-02 22:12:53
29 + 79,1.92,addition,2025-02-02 22:12:53
11 × 55,12.33,multiplication,2025-02-02 22:12:53
56 - 14,1.85,subtraction,2025-02-02 22:12:53
84 - 25,3.75,subtraction,2025-02-02 22:13:27
84 - 55,2.71,subtraction,2025-02-02 22:13:27
4 × 9,1.55,multiplication,2025-02-02 22:13:27
82 - 2,1.05,subtraction,2025-02-02 22:13:27
44 - 26,2.19,subtraction,2025-02-02 22:13:27
77 + 58,4.35,addition,2025-02-02 22:13:27
1012 ÷ 92,2.39,division,2025-02-02 22:13:27
210 ÷ 42,1.46,division,2025-02-02 22:13:27
49 - 23,3.76,subtraction,2025-02-02 22:13:27
2 × 65,1.74,multiplication,2025-02-02 22:13:27
44 + 87,4.51,addition,2025-02-02 22:13:27
7 × 89,5.07,multiplication,2025-02-02 22:14:00
93 + 49,2.11,addition,2025-02-02 22:14:00
195 ÷ 65,1.28,division,2025-02-02 22:14:00
79 - 68,2.17,subtraction,2025-02-02 22:14:00
700 ÷ 70,0.85,division,2025-02-02 22:14:00
3 + 66,1.36,addition,2025-02-02 22:14:00
91 + 58,2.28,addition,2025-02-02 22:14:00
11 × 62,3.14,multiplication,2025-02-02 22:14:00
480 ÷ 40,1.12,division,2025-02-02 22:14:00
76 - 27,2.71,subtraction,2025-02-02 22:14:00
200 ÷ 40,1.14,division,2025-02-02 22:14:00
25 + 45,1.89,addition,2025-02-02 22:14:00
4 × 30,1.23,multiplication,2025-02-02 22:14:00
564 ÷ 94,1.37,division,2025-02-02 22:14:00
83 - 67,1.79,subtraction,2025-02-02 22:14:00
56 ÷ 28,1.02,division,2025-02-25 12:11:41
77 - 11,1.06,subtraction,2025-02-25 12:11:41
65 - 24,1.46,subtraction,2025-02-25 12:11:41
40 - 30,0.89,subtraction,2025-02-25 12:11:41
18 - 5,1.53,subtraction,2025-02-25 12:11:41
10 × 71,1.15,multiplication,2025-02-25 12:11:41
387 ÷ 43,3.15,division,2025-02-25 12:11:41
7 × 20,2.25,multiplication,2025-02-25 12:11:41
153 ÷ 51,0.98,division,2025-02-25 12:11:41
10 × 61,1.59,multiplication,2025-02-25 12:11:41
63 - 59,1.43,subtraction,2025-02-25 12:11:41
55 + 21,2.51,addition,2025-02-25 12:11:41
902 ÷ 82,2.34,division,2025-02-25 12:11:41
88 - 40,1.2,subtraction,2025-02-25 12:11:41
506 ÷ 46,1.95,division,2025-02-25 12:11:41
9 × 90,1.86,multiplication,2025-02-25 12:11:41
45 - 23,2.51,subtraction,2025-02-25 12:11:41
9 × 24,5.25,multiplication,2025-02-25 12:38:28
92 - 22,1.57,subtraction,2025-02-25 12:38:28
6 × 41,2.32,multiplication,2025-02-25 12:38:28
828 ÷ 92,1.62,division,2025-02-25 12:38:28
30 ÷ 6,0.82,division,2025-02-25 12:38:28
180 ÷ 30,2.66,division,2025-02-25 12:38:28
34 - 13,1.67,subtraction,2025-02-25 12:38:28
97 - 60,1.65,subtraction,2025-02-25 12:38:28
10 × 12,0.92,multiplication,2025-02-25 12:38:28
252 ÷ 42,2.52,division,2025-02-25 12:38:28
88 + 59,3.5,addition,2025-02-25 12:38:28
3 × 98,3.42,multiplication,2025-02-25 12:38:28
488 ÷ 61,3.27,division,2025-02-25 12:39:12
77 ÷ 7,1.28,division,2025-02-25 12:39:12
51 + 2,1.42,addition,2025-02-25 12:39:12
98 ÷ 14,3.91,division,2025-02-25 12:39:12
80 ÷ 8,0.92,division,2025-02-25 12:39:12
6 + 92,1.25,addition,2025-02-25 12:39:12
8 × 11,0.98,multiplication,2025-02-25 12:39:12
567 ÷ 63,2.71,division,2025-02-25 12:39:12
63 + 53,4.47,addition,2025-02-25 12:39:12
11 × 88,3.38,multiplication,2025-02-25 12:39:12
4 × 75,1.86,multiplication,2025-02-25 12:46:17
57 + 42,3.41,addition,2025-02-25 12:46:17
770 ÷ 77,0.86,division,2025-02-25 12:46:17
86 - 46,2.18,subtraction,2025-02-25 12:46:17
80 + 63,2.54,addition,2025-02-25 12:46:17
5 × 79,5.68,multiplication,2025-02-25 12:46:17
12 × 5,1.04,multiplication,2025-02-25 12:46:17
7 × 7,1.5,multiplication,2025-02-25 12:46:17
28 + 91,3.15,addition,2025-02-25 12:46:17
56 + 91,2.94,addition,2025-02-25 12:46:17
10 × 44,1.11,multiplication,2025-02-25 12:46:17
10 × 76,1.99,multiplication,2025-02-25 12:46:17
94 - 8,2.1,subtraction,2025-02-25 12:46:49
10 × 89,1.23,multiplication,2025-02-25 12:46:49
85 ÷ 17,1.77,division,2025-02-25 12:46:49
12 × 79,5.08,multiplication,2025-02-25 12:46:49
96 + 34,4.47,addition,2025-02-25 12:46:49
220 ÷ 20,2.89,division,2025-02-25 12:46:49
6 × 34,3.35,multiplication,2025-02-25 12:46:49
81 ÷ 27,1.68,division,2025-02-25 12:46:49
7 × 78,3.74,multiplication,2025-02-25 12:46:49
50 ÷ 25,1.01,division,2025-02-25 12:46:49
24 - 11,0.95,subtraction,2025-02-25 17:48:38
35 + 37,1.34,addition,2025-02-25 17:48:38
7 × 67,4.09,multiplication,2025-02-25 17:48:38
32 - 13,1.43,subtraction,2025-02-25 17:48:38
60 - 27,3.74,subtraction,2025-02-25 17:48:38
51 + 8,3.41,addition,2025-02-25 17:48:38
200 ÷ 25,1.57,division,2025-02-25 17:48:38
2 × 34,1.37,multiplication,2025-02-25 17:48:38
6 × 7,1.19,multiplication,2025-02-25 17:48:38
76 ÷ 19,1.17,division,2025-02-25 17:48:38
3 × 2,1.0,multiplication,2025-02-25 17:48:38
90 - 24,2.55,subtraction,2025-02-25 17:48:38
43 - 18,2.42,subtraction,2025-02-25 17:48:38
91 - 86,1.56,subtraction,2025-02-26 13:25:00
8 × 29,4.21,multiplication,2025-02-26 13:25:00
27 ÷ 9,1.18,division,2025-02-26 13:25:00
76 + 21,2.15,addition,2025-02-26 13:25:00
44 - 33,1.2,subtraction,2025-02-26 13:25:00
41 - 8,2.16,subtraction,2025-02-26 13:25:00
50 - 26,1.43,subtraction,2025-02-26 13:25:00
60 ÷ 20,1.03,division,2025-02-26 13:25:00
42 + 94,2.27,addition,2025-02-26 13:25:00
308 ÷ 28,4.81,division,2025-02-26 13:25:00
3 × 84,3.76,multiplication,2025-02-26 13:25:00
44 ÷ 4,1.29,division,2025-02-26 13:25:00
81 - 40,0.97,subtraction,2025-02-26 13:25:00
700 ÷ 70,0.79,division,2025-02-26 13:26:08
3 × 17,4.43,multiplication,2025-02-26 13:26:08
40 - 31,2.0,subtraction,2025-02-26 13:26:08
580 ÷ 58,1.22,division,2025-02-26 13:26:08
10 × 88,1.31,multiplication,2025-02-26 13:26:08
11 × 31,6.16,multiplication,2025-02-26 13:26:08
612 ÷ 51,7.33,division,2025-02-26 13:26:08
66 - 7,1.75,subtraction,2025-02-26 13:26:08
5 × 29,2.62,multiplication,2025-02-26 13:26:08
9 × 59,5.16,multiplication,2025-02-27 15:28:06
86 ÷ 43,1.19,division,2025-02-27 15:28:06
66 + 10,1.03,addition,2025-02-27 15:28:06
90 - 69,1.46,subtraction,2025-02-27 15:28:06
83 + 50,2.39,addition,2025-02-27 15:28:06
280 ÷ 28,0.8,division,2025-02-27 15:28:06
90 - 49,2.69,subtraction,2025-02-27 15:28:06
91 - 63,6.63,subtraction,2025-02-27 15:28:06
44 - 21,1.51,subtraction,2025-02-27 15:28:06
29 + 66,3.67,addition,2025-02-27 15:28:06
54 - 40,1.03,subtraction,2025-02-27 15:28:06
65 + 33,1.48,addition,2025-02-27 15:28:06
188 ÷ 47,2.37,division,2025-02-27 15:28:38
24 + 79,5.29,addition,2025-02-27 15:28:38
10 × 6,0.95,multiplication,2025-02-27 15:28:38
93 + 39,4.24,addition,2025-02-27 15:28:38
84 ÷ 28,1.18,division,2025-02-27 15:28:38
83 - 58,3.41,subtraction,2025-02-27 15:28:38
3 × 75,1.92,multiplication,2025-02-27 15:28:38
2 × 16,1.77,multiplication,2025-02-27 15:28:38
600 ÷ 50,1.57,division,2025-02-27 15:28:38
252 ÷ 36,2.08,division,2025-02-27 15:28:38
14 + 41,3.35,addition,2025-02-27 15:28:38
28 - 23,1.16,subtraction,2025-02-27 15:29:11
62 + 83,2.92,addition,2025-02-27 15:29:11
57 + 97,3.38,addition,2025-02-27 15:29:11
102 ÷ 34,1.28,division,2025-02-27 15:29:11
44 + 26,2.14,addition,2025-02-27 15:29:11
86 - 69,4.46,subtraction,2025-02-27 15:29:11
3 × 39,2.56,multiplication,2025-02-27 15:29:11
36 + 58,2.67,addition,2025-02-27 15:29:11
432 ÷ 36,1.39,division,2025-02-27 15:29:11
12 × 4,2.95,multiplication,2025-02-27 15:29:11
140 ÷ 35,5.07,division,2025-02-27 15:29:11
70 - 60,0.87,subtraction,2025-03-06 14:42:53
59 + 82,6.03,addition,2025-03-06 14:42:53
69 - 25,3.65,subtraction,2025-03-06 14:42:53
7 × 56,3.58,multiplication,2025-03-06 14:42:53
7 × 32,3.52,multiplication,2025-03-06 14:42:53
83 - 61,1.58,subtraction,2025-03-06 14:42:53
57 + 12,3.52,addition,2025-03-06 14:42:53
76 + 19,2.05,addition,2025-03-06 14:42:53
89 - 22,1.96,subtraction,2025-03-06 14:42:53
10 + 41,1.1,addition,2025-03-06 14:42:53
71 - 13,2.03,subtraction,2025-03-06 14:42:53
4 × 7,1.61,multiplication,2025-03-06 14:43:26
7 × 93,3.48,multiplication,2025-03-06 14:43:26
388 ÷ 97,1.15,division,2025-03-06 14:43:26
22 + 33,1.13,addition,2025-03-06 14:43:26
92 - 81,2.16,subtraction,2025-03-06 14:43:26
28 - 9,1.19,subtraction,2025-03-06 14:43:26
10 × 66,1.26,multiplication,2025-03-06 14:43:26
133 ÷ 19,2.95,division,2025-03-06 14:43:26
6 × 34,4.27,multiplication,2025-03-06 14:43:26
86 - 23,2.44,subtraction,2025-03-06 14:43:26
60 ÷ 6,0.81,division,2025-03-06 14:43:26
196 ÷ 28,1.25,division,2025-03-06 14:43:26
360 ÷ 36,0.9,division,2025-03-06 14:43:26
230 ÷ 46,3.46,division,2025-03-14 08:24:35
86 - 37,2.18,subtraction,2025-03-14 08:24:35
9 × 6,1.1,multiplication,2025-03-14 08:24:35
99 + 64,2.0,addition,2025-03-14 08:24:35
42 - 25,1.74,subtraction,2025-03-14 08:24:35
62 - 29,2.16,subtraction,2025-03-14 08:24:35
11 × 35,3.47,multiplication,2025-03-14 08:24:35
22 ÷ 11,1.89,division,2025-03-14 08:24:35
97 - 55,1.86,subtraction,2025-03-14 08:24:35
81 + 97,2.64,addition,2025-03-14 08:24:35
97 - 91,2.17,subtraction,2025-03-14 08:24:35
488 ÷ 61,1.61,division,2025-03-14 08:24:35
85 - 24,1.9,subtraction,2025-03-14 08:24:35
34 + 43,2.02,addition,2025-03-15 08:09:02
297 ÷ 27,2.56,division,2025-03-15 08:09:02
153 ÷ 51,1.01,division,2025-03-15 08:09:02
100 + 42,1.47,addition,2025-03-15 08:09:02
525 ÷ 75,9.46,division,2025-03-15 08:09:02
112 ÷ 56,1.4,division,2025-03-15 08:09:02
2 × 59,3.43,multiplication,2025-03-15 08:09:02
2 × 95,2.61,multiplication,2025-03-15 08:09:02
7 × 7,2.02,multiplication,2025-03-15 08:09:02
3 × 81,2.36,multiplication,2025-03-15 08:09:02
89 - 78,2.72,subtraction,2025-03-15 08:09:50
860 ÷ 86,1.11,division,2025-03-15 08:09:50
10 + 87,1.48,addition,2025-03-15 08:09:50
234 ÷ 78,1.24,division,2025-03-15 08:09:50
240 ÷ 20,3.53,division,2025-03-15 08:09:50
261 ÷ 87,1.85,division,2025-03-15 08:09:50
144 ÷ 16,4.45,division,2025-03-15 08:09:50
3 × 55,3.49,multiplication,2025-03-15 08:09:50
44 - 17,3.47,subtraction,2025-03-15 08:09:50
5 + 81,1.76,addition,2025-03-15 08:09:50
480 ÷ 40,2.17,division,2025-03-18 12:30:45
316 ÷ 79,2.19,division,2025-03-18 12:30:45
18 - 13,0.95,subtraction,2025-03-18 12:30:45
3 + 3,0.87,addition,2025-03-18 12:30:45
50 - 42,1.0,subtraction,2025-03-18 12:30:45
40 + 21,1.06,addition,2025-03-18 12:30:45
15 + 48,2.91,addition,2025-03-18 12:30:45
110 ÷ 22,1.31,division,2025-03-18 12:30:45
73 - 17,2.52,subtraction,2025-03-18 12:30:45
6 × 24,2.65,multiplication,2025-03-18 12:30:45
3 × 10,1.48,multiplication,2025-03-18 12:30:45
76 + 16,1.55,addition,2025-03-18 12:30:45
240 ÷ 60,1.06,division,2025-03-18 12:30:45
12 × 57,8.1,multiplication,2025-03-18 12:30:45
7 × 89,6.53,multiplication,2025-03-18 12:31:31
5 × 38,2.89,multiplication,2025-03-18 12:31:31
90 - 32,1.44,subtraction,2025-03-18 12:31:31
9 × 18,3.68,multiplication,2025-03-18 12:31:31
5 × 62,1.64,multiplication,2025-03-18 12:31:31
56 - 44,3.08,subtraction,2025-03-18 12:31:31
462 ÷ 77,1.0,division,2025-03-18 12:31:31
21 + 77,1.76,addition,2025-03-18 12:31:31
70 - 45,1.5,subtraction,2025-03-18 12:31:31
243 ÷ 27,2.34,division,2025-03-18 12:31:31
54 - 5,1.76,subtraction,2025-03-18 12:31:31
60 - 41,0.96,subtraction,2025-03-18 12:31:31
91 - 13,1.69,subtraction,2025-03-18 12:32:05
8 + 82,1.15,addition,2025-03-18 12:32:05
2 × 32,1.4,multiplication,2025-03-18 12:32:05
368 ÷ 92,1.23,division,2025-03-18 12:32:05
2 + 67,1.23,addition,2025-03-18 12:32:05
11 × 50,1.25,multiplication,2025-03-18 12:32:05
56 + 69,5.79,addition,2025-03-18 12:32:05
80 - 65,0.93,subtraction,2025-03-18 12:32:05
891 ÷ 81,1.88,division,2025-03-18 12:32:05
3 × 16,1.77,multiplication,2025-03-18 12:32:05
63 ÷ 7,1.17,division,2025-03-18 12:32:05
9 × 16,2.27,multiplication,2025-03-18 12:32:05
9 × 80,1.44,multiplication,2025-03-18 12:32:05
27 + 69,6.43,addition,2025-03-18 12:32:05
66 - 25,2.59,subtraction,2025-03-18 12:32:53
12 ÷ 3,0.99,division,2025-03-18 12:32:53
558 ÷ 62,2.28,division,2025-03-18 12:32:53
234 ÷ 78,1.59,division,2025-03-18 12:32:53
36 + 19,2.52,addition,2025-03-18 12:32:53
9 × 68,7.21,multiplication,2025-03-18 12:32:53
88 - 73,1.48,subtraction,2025-03-18 12:32:53
240 ÷ 30,1.92,division,2025-03-18 12:32:53
94 - 46,2.7,subtraction,2025-03-18 12:32:53
3 × 6,1.06,multiplication,2025-03-18 12:32:53
3 × 21,4.85,multiplication,2025-03-18 12:32:53
350 ÷ 50,1.87,division,2025-03-19 14:12:37
48 - 18,1.83,subtraction,2025-03-19 14:12:37
52 - 32,2.13,subtraction,2025-03-19 14:12:37
84 + 37,2.4,addition,2025-03-19 14:12:37
10 × 80,1.14,multiplication,2025-03-19 14:12:37
588 ÷ 98,1.62,division,2025-03-19 14:12:37
59 - 31,2.62,subtraction,2025-03-19 14:12:37
5 × 86,2.96,multiplication,2025-03-19 14:12:37
10 × 32,1.2,multiplication,2025-03-19 14:12:37
82 + 47,1.82,addition,2025-03-19 14:12:37
610 ÷ 61,0.69,division,2025-03-19 14:12:37
99 - 54,1.99,subtraction,2025-03-19 14:12:37
51 + 51,1.45,addition,2025-03-19 14:12:37
89 - 13,1.78,subtraction,2025-03-19 14:12:37
7 × 13,1.7,multiplication,2025-03-19 14:12:37
55 + 50,3.46,addition,2025-03-19 14:13:12
7 × 13,1.35,multiplication,2025-03-19 14:13:12
74 - 14,1.46,subtraction,2025-03-19 14:13:12
10 × 75,1.22,multiplication,2025-03-19 14:13:12
27 + 60,1.66,addition,2025-03-19 14:13:12
47 - 9,2.24,subtraction,2025-03-19 14:13:12
234 ÷ 78,1.89,division,2025-03-19 14:13:12
10 × 35,1.37,multiplication,2025-03-19 14:13:12
12 × 26,6.06,multiplication,2025-03-19 14:13:12
2 + 21,3.72,addition,2025-03-19 14:13:12
68 ÷ 34,1.26,division,2025-03-19 14:13:12
18 ÷ 3,1.61,division,2025-03-19 14:13:49
7 × 24,5.78,multiplication,2025-03-19 14:13:49
375 ÷ 75,1.43,division,2025-03-19 14:13:49
63 + 27,3.02,addition,2025-03-19 14:13:49
58 + 38,2.15,addition,2025-03-19 14:13:49
6 × 6,1.22,multiplication,2025-03-19 14:13:49
58 + 56,1.45,addition,2025-03-19 14:13:49
34 + 79,4.54,addition,2025-03-19 14:13:49
980 ÷ 98,0.99,division,2025-03-19 14:13:49
64 - 37,3.64,subtraction,2025-03-19 14:13:49
340 ÷ 85,2.92,division,2025-03-19 14:13:49
8 × 15,2.32,multiplication,2025-03-19 18:52:45
44 + 16,1.24,addition,2025-03-19 18:52:45
900 ÷ 90,0.68,division,2025-03-19 18:52:45
84 + 75,1.99,addition,2025-03-19 18:52:45
5 × 42,3.59,multiplication,2025-03-19 18:52:45
8 × 63,5.88,multiplication,2025-03-19 18:52:45
93 + 23,2.14,addition,2025-03-19 18:52:45
3 × 44,2.86,multiplication,2025-03-19 18:52:45
140 ÷ 70,0.97,division,2025-03-19 18:52:45
52 - 26,1.48,subtraction,2025-03-19 18:52:45
18 + 9,1.8,addition,2025-03-19 18:52:45
36 ÷ 6,1.98,division,2025-03-19 18:52:45
148 ÷ 74,0.76,division,2025-03-19 18:52:45
75 + 86,1.8,addition,2025-03-19 18:52:45
5 × 24,2.56,multiplication,2025-03-20 11:06:25
94 - 66,2.54,subtraction,2025-03-20 11:06:25
500 ÷ 100,1.46,division,2025-03-20 11:06:25
71 + 46,1.64,addition,2025-03-20 11:06:25
87 + 46,4.72,addition,2025-03-20 11:06:25
75 - 10,1.17,subtraction,2025-03-20 11:06:25
550 ÷ 50,1.58,division,2025-03-20 11:06:25
49 - 27,5.06,subtraction,2025-03-20 11:06:25
37 + 80,1.38,addition,2025-03-20 11:06:25
522 ÷ 87,1.85,division,2025-03-20 11:06:25
70 - 52,2.13,subtraction,2025-03-20 11:06:25
57 - 16,1.72,subtraction,2025-03-20 11:06:25
40 - 21,1.09,subtraction,2025-03-20 11:06:25
840 ÷ 84,0.82,division,2025-03-20 14:13:48
99 - 85,1.63,subtraction,2025-03-20 14:13:48
48 ÷ 4,1.8,division,2025-03-20 14:13:48
11 - 5,0.99,subtraction,2025-03-20 14:13:48
70 - 21,1.42,subtraction,2025-03-20 14:13:48
5 × 81,2.12,multiplication,2025-03-20 14:13:48
384 ÷ 64,3.06,division,2025-03-20 14:13:48
10 × 95,1.32,multiplication,2025-03-20 14:13:48
132 ÷ 22,1.56,division,2025-03-20 14:13:48
3 × 62,5.78,multiplication,2025-03-20 14:13:48
7 × 25,8.61,multiplication,2025-03-20 14:13:48
60 + 42,1.6,addition,2025-03-20 14:14:22
100 + 93,1.57,addition,2025-03-20 14:14:22
71 - 19,4.06,subtraction,2025-03-20 14:14:22
9 × 70,1.57,multiplication,2025-03-20 14:14:22
8 × 41,4.44,multiplication,2025-03-20 14:14:22
98 - 79,3.23,subtraction,2025-03-20 14:14:22
3 + 27,1.11,addition,2025-03-20 14:14:22
61 + 21,1.66,addition,2025-03-20 14:14:22
68 - 61,1.14,subtraction,2025-03-20 14:14:22
10 × 66,1.28,multiplication,2025-03-20 14:14:58
57 - 36,1.55,subtraction,2025-03-20 14:14:58
261 ÷ 29,2.17,division,2025-03-20 14:14:58
10 + 68,1.6,addition,2025-03-20 14:14:58
74 + 37,2.46,addition,2025-03-20 14:14:58
432 ÷ 54,1.48,division,2025-03-20 14:14:58
108 ÷ 12,1.62,division,2025-03-20 14:14:58
97 + 77,2.88,addition,2025-03-20 14:14:58
49 + 49,1.88,addition,2025-03-20 14:14:58
2 + 67,1.23,addition,2025-03-20 14:14:58
5 × 9,1.29,multiplication,2025-03-20 14:14:58
2 × 27,1.72,multiplication,2025-03-20 14:14:58
44 + 62,2.05,addition,2025-03-20 14:14:58
97 - 90,0.9,subtraction,2025-03-20 14:14:58
33 + 11,1.21,addition,2025-03-20 14:14:58
90 - 61,2.03,subtraction,2025-03-20 14:14:58
272 ÷ 34,1.56,division,2025-03-20 14:14:58
41 - 34,1.66,subtraction,2025-03-20 14:21:28
12 × 3,1.18,multiplication,2025-03-20 14:21:28
91 + 80,1.68,addition,2025-03-20 14:21:28
9 × 8,1.57,multiplication,2025-03-20 14:21:28
8 + 35,1.77,addition,2025-03-20 14:21:28
82 - 23,2.23,subtraction,2025-03-20 14:21:28
6 × 62,6.49,multiplication,2025-03-20 14:21:28
760 ÷ 76,0.88,division,2025-03-20 14:21:28
378 ÷ 63,1.69,division,2025-03-20 14:21:28
9 × 33,4.53,multiplication,2025-03-20 14:21:28
465 ÷ 93,1.6,division,2025-03-20 14:21:28
55 - 37,1.29,subtraction,2025-03-20 14:21:28
66 ÷ 6,1.06,division,2025-03-20 14:21:28
89 - 64,1.69,subtraction,2025-03-20 14:22:03
37 + 47,3.67,addition,2025-03-20 14:22:03
92 - 49,5.47,subtraction,2025-03-20 14:22:03
64 - 57,2.74,subtraction,2025-03-20 14:22:03
32 + 71,2.48,addition,2025-03-20 14:22:03
72 + 83,1.8,addition,2025-03-20 14:22:03
28 + 6,1.77,addition,2025-03-20 14:22:03
620 ÷ 62,0.7,division,2025-03-20 14:22:03
4 × 36,3.4,multiplication,2025-03-20 14:22:03
12 × 19,3.28,multiplication,2025-03-20 14:22:03
80 ÷ 10,2.03,division,2025-03-20 14:22:43
35 - 30,1.01,subtraction,2025-03-20 14:22:43
1200 ÷ 100,1.1,division,2025-03-20 14:22:43
43 + 71,2.23,addition,2025-03-20 14:22:43
57 ÷ 19,1.7,division,2025-03-20 14:22:43
17 - 7,0.91,subtraction,2025-03-20 14:22:43
74 - 42,2.96,subtraction,2025-03-20 14:22:43
83 - 78,1.12,subtraction,2025-03-20 14:22:43
335 ÷ 67,1.17,division,2025-03-20 14:22:43
98 - 38,1.66,subtraction,2025-03-20 14:22:43
117 ÷ 13,3.88,division,2025-03-20 14:22:43
97 - 19,3.83,subtraction,2025-03-20 14:22:43
424 ÷ 53,1.31,division,2025-03-20 14:22:43
3 × 65,2.91,multiplication,2025-03-20 14:22:43
99 - 3,1.43,subtraction,2025-03-20 14:22:43
46 - 35,1.27,subtraction,2025-03-21 14:42:01
95 + 61,2.28,addition,2025-03-21 14:42:01
4 × 13,2.34,multiplication,2025-03-21 14:42:01
41 - 26,1.3,subtraction,2025-03-21 14:42:01
96 - 23,2.51,subtraction,2025-03-21 14:42:01
68 - 4,1.02,subtraction,2025-03-21 14:42:01
65 - 31,1.41,subtraction,2025-03-21 14:42:01
6 × 46,3.42,multiplication,2025-03-21 14:42:01
44 - 24,1.4,subtraction,2025-03-21 14:42:01
5 × 36,2.57,multiplication,2025-03-21 14:42:01
80 ÷ 40,0.73,division,2025-03-21 14:42:01
62 + 66,1.61,addition,2025-03-21 14:42:01
11 × 27,1.92,multiplication,2025-03-21 14:42:01
39 - 26,1.66,subtraction,2025-03-21 14:42:01
435 ÷ 87,14.77,division,2025-03-21 14:43:13
78 - 75,4.34,subtraction,2025-03-21 14:43:13
56 + 11,4.91,addition,2025-03-21 14:43:13
355 ÷ 71,1.42,division,2025-03-22 11:12:00
44 + 49,2.14,addition,2025-03-22 11:12:00
10 × 82,1.98,multiplication,2025-03-22 11:12:00
448 ÷ 56,1.07,division,2025-03-22 11:12:00
460 ÷ 92,7.43,division,2025-03-22 11:12:00
92 - 57,2.91,subtraction,2025-03-22 11:12:00
11 + 14,1.43,addition,2025-03-22 11:12:00
35 - 13,1.68,subtraction,2025-03-22 11:12:00
77 - 22,1.11,subtraction,2025-03-22 11:12:00
6 × 71,2.64,multiplication,2025-03-23 14:59:24
256 ÷ 32,5.04,division,2025-03-23 14:59:24
80 + 43,2.51,addition,2025-03-23 14:59:24
114 ÷ 38,2.97,division,2025-03-23 14:59:24
97 + 80,1.46,addition,2025-03-23 14:59:24
360 ÷ 72,1.49,division,2025-03-23 14:59:24
70 - 61,2.43,subtraction,2025-03-23 14:59:24
44 + 10,1.23,addition,2025-03-23 14:59:24
59 - 47,1.16,subtraction,2025-03-23 14:59:24
76 - 27,3.53,subtraction,2025-03-23 14:59:24
35 + 41,2.08,addition,2025-03-24 09:35:45
37 + 90,1.53,addition,2025-03-24 09:35:45
20 + 21,1.19,addition,2025-03-24 09:35:45
4 × 92,5.3,multiplication,2025-03-24 09:35:45
83 - 62,1.99,subtraction,2025-03-24 09:35:45
35 + 77,1.68,addition,2025-03-24 09:35:45
200 ÷ 50,1.78,division,2025-03-24 09:35:45
17 + 97,2.39,addition,2025-03-24 09:35:45
90 ÷ 9,0.96,division,2025-03-24 09:35:45
7 × 70,4.11,multiplication,2025-03-24 09:35:45
160 ÷ 80,0.85,division,2025-03-24 09:35:45
96 - 34,1.87,subtraction,2025-03-24 09:35:45
33 + 55,1.35,addition,2025-03-24 09:35:45
13 + 30,1.93,addition,2025-03-24 09:35:45
22 - 2,1.63,subtraction,2025-03-24 09:36:45
7 × 94,3.14,multiplication,2025-03-24 09:36:45
60 - 3,1.15,subtraction,2025-03-24 09:36:45
76 + 59,6.32,addition,2025-03-24 09:36:45
80 - 4,1.47,subtraction,2025-03-24 09:36:45
8 × 72,4.43,multiplication,2025-03-24 09:36:45
3 × 83,2.52,multiplication,2025-03-24 09:36:45
35 + 69,2.2,addition,2025-03-24 09:36:45
85 + 77,2.86,addition,2025-03-24 09:36:45
75 + 16,2.69,addition,2025-03-24 09:36:45
7 + 99,1.27,addition,2025-03-25 08:50:49
58 - 23,2.88,subtraction,2025-03-25 08:50:49
10 × 44,1.22,multiplication,2025-03-25 08:50:49
27 + 48,2.12,addition,2025-03-25 08:50:49
60 ÷ 12,1.92,division,2025-03-25 08:50:49
69 - 50,1.22,subtraction,2025-03-25 08:50:49
62 - 52,1.07,subtraction,2025-03-25 08:50:49
9 × 93,3.96,multiplication,2025-03-25 08:50:49
56 + 93,2.01,addition,2025-03-25 08:50:49
329 ÷ 47,3.93,division,2025-03-25 08:50:49
83 + 49,2.51,addition,2025-03-25 08:50:49
24 ÷ 12,1.13,division,2025-03-25 08:50:49
32 + 59,1.82,addition,2025-03-25 08:50:49
8 + 35,1.25,addition,2025-03-25 08:50:49
700 ÷ 70,0.8,division,2025-03-25 08:50:49
25 - 21,0.94,subtraction,2025-03-25 08:50:49
7 × 2,1.11,multiplication,2025-03-25 21:49:51
9 × 63,3.54,multiplication,2025-03-25 21:49:51
11 - 4,1.1,subtraction,2025-03-25 21:49:51
86 + 8,5.11,addition,2025-03-25 21:49:51
95 ÷ 19,2.22,division,2025-03-25 21:49:51
72 - 28,3.78,subtraction,2025-03-25 21:49:51
1056 ÷ 96,2.1,division,2025-03-25 21:49:51
62 + 34,1.66,addition,2025-03-25 21:49:51
968 ÷ 88,2.33,division,2025-03-25 21:49:51
80 - 52,1.55,subtraction,2025-03-25 21:49:51
53 + 43,1.82,addition,2025-03-25 21:49:51
4 + 16,1.16,addition,2025-03-25 21:49:51
64 - 53,1.29,subtraction,2025-03-25 21:49:51
10 × 25,1.23,multiplication,2025-03-25 21:50:44
18 + 96,5.77,addition,2025-03-25 21:50:44
48 - 34,1.86,subtraction,2025-03-25 21:50:44
99 + 4,1.83,addition,2025-03-25 21:50:44
99 - 56,2.96,subtraction,2025-03-25 21:50:44
22 + 25,2.25,addition,2025-03-25 21:50:44
300 ÷ 30,0.74,division,2025-03-25 21:50:44
810 ÷ 81,0.79,division,2025-03-25 21:50:44
240 ÷ 30,2.51,division,2025-03-25 21:50:44
88 - 33,1.26,subtraction,2025-03-25 21:50:44
45 - 3,1.5,subtraction,2025-03-25 21:50:44
444 ÷ 37,2.56,division,2025-03-25 21:50:44
6 × 20,1.28,multiplication,2025-03-25 21:50:44
3 × 63,1.7,multiplication,2025-03-25 21:50:44
8 × 9,1.79,multiplication,2025-03-25 21:50:44
172 ÷ 86,1.02,division,2025-03-31 10:15:36
234 ÷ 39,4.59,division,2025-03-31 10:15:36
29 + 94,3.24,addition,2025-03-31 10:15:36
75 - 74,0.91,subtraction,2025-03-31 10:15:36
50 - 39,1.28,subtraction,2025-03-31 10:15:36
30 ÷ 10,1.12,division,2025-03-31 10:15:36
3 × 62,1.93,multiplication,2025-03-31 10:15:36
26 ÷ 13,0.84,division,2025-03-31 10:15:36
49 + 94,5.08,addition,2025-03-31 10:15:36
1008 ÷ 84,3.71,division,2025-03-31 10:15:36
276 ÷ 46,2.08,division,2025-03-31 10:15:36
87 - 59,2.49,subtraction,2025-03-31 10:15:36
43 + 8,1.65,addition,2025-03-31 10:15:36
70 + 66,1.58,addition,2025-04-18 16:40:22
212 ÷ 53,1.28,division,2025-04-18 16:40:22
7 × 100,1.5,multiplication,2025-04-18 16:40:22
7 × 41,1.89,multiplication,2025-04-18 16:40:22
9 × 67,5.48,multiplication,2025-04-18 16:40:22
96 + 12,1.74,addition,2025-04-18 16:40:22
75 + 33,4.59,addition,2025-04-18 16:40:22
